<?xml version="1.0" encoding="UTF-8"?>
<beans xmlns="http://www.springframework.org/schema/beans"
xmlns:xsi="http://www.w3.org/2001/XMLSchema-instance"
 xmlns:mvc="http://www.springframework.org/schema/mvc"
 xmlns:context="http://www.springframework.org/schema/context"
 xmlns:tx="http://www.springframework.org/schema/tx"
 xsi:schemaLocation="http://www.springframework.org/schema/beans
http://www.springframework.org/schema/beans/spring-beans.xsd
http://www.springframework.org/schema/mvc
http://www.springframework.org/schema/mvc/spring-mvc.xsd
http://www.springframework.org/schema/context
http://www.springframework.org/schema/context/spring-context.xsd
http://www.springframework.org/schema/tx
http://www.springframework.org/schema/tx/spring-tx.xsd">
<!-- 여기 위에는 아래에 쓸 bean관련 import 개념!  -->

	<!-- Root Context: defines shared resources visible to all other web components -->
	
	<bean id="ds" class="oracle.jdbc.pool.OracleDataSource">
		<property name="dataSourceName" value="ds"></property>
		<property name="URL"
			value="jdbc:oracle:thin:@localhost:1521:xe"></property>
		<property name="user" value="scott"></property>
		<property name="password" value="tiger"></property>
	</bean>
	
	<bean id="sqlSessionFactory"
		class="org.mybatis.spring.SqlSessionFactoryBean">
		<property name="dataSource" ref="ds" />
		<property name="configLocation"
		value="classpath:/mybatis-config.xml" />
		<property name="mapperLocations"
		value="classpath:mappers/*.xml" /><!-- 이거 파일이 없기 때문에 만들어 줘서 설정한다!  -->
		<!-- classpath : 가상의 경로다  실제 경로는 src/main/resources  -->				
	</bean>
	
	<bean id="sqlSession"
		class="org.mybatis.spring.SqlSessionTemplate"
		destroy-method="clearCache">
		<constructor-arg name="sqlSessionFactory"
		ref="sqlSessionFactory" />
	</bean>
	
	<!-- Spring에서 제공하는 DB Transaction Manager 를 bean으로 등록 -->
	<bean id="transactionManager" 
		class="org.springframework.jdbc.datasource.DataSourceTransactionManager">
		<property name="dataSource" ref ="ds"></property>
	</bean>
	
	<!-- 트갠잭션 관리를 수행하는 Aspect를  annotation 기반으로 사용  -->
	<tx:annotation-driven/>
		
</beans>









