<?xml version="1.0" encoding="UTF-8"?>
<!DOCTYPE mapper
PUBLIC "-//mybatis.org//DTD Mapper 3.0//EN"
"http://mybatis.org/dtd/mybatis-3-mapper.dtd">

<mapper namespace="edu.spring.ex10.CartMapper">


	 <insert id="insert"> 여러개의 insert 있을 시구분하기 위해 id 필요 
		insert into tbl_cart(cart_id, user_id, product_id, amount
		) values(
			seq_cart.nextval, #{userId}, #{productId}, #{amount}
		)
	 </insert> 
	 
	 <!-- 장바구니 목록  -->
	 <select id="listCart" resultType="CartVO">
	 	select
	 		c.cart_id as cartId,
	 		c.user_id as userId,
	 		p.product_id as productId,
	 		m.user_name as userName,
	 		c.amount,
	 		p.product_price as productPrice,
	 		(product_price * amount) money 
	 	from 
	 		tbl_member m, tbl_product p, tbl_cart c
	 	where m.user_id = c.user_id
	 		and p.product_id = c.product_id
	 		and c.user_id = #{userId}	 	
	 	order by c.cart_id
	 </select>
	 
	 <!-- 장바구니 전체 금액  -->
	 <select id="sumMoney" resultType="int">
	 	select NVL(sum(product_price * amount), 0) money
	 	from tbl_cart c, tbl_product p
	 	where c.product_id = p.product_id and c.user_id = #{userId}	 	
	 </select>
	
	<!-- 장바구니 수정  -->
	<update id="update">
		update tbl_cart
		set amount = #{amount}
		where user_id = #{userId}
		and product_id = #{productId}
	</update>
	
	<!-- 장바구니 삭제 -->
	<delete id="delete">
		delete from tbl_cart
		where cart_id = #{cartId}
	</delete>
	
	<!-- 장바구니에 동일한 상품 레코드 확인 -->
	<select id="countCart" resultType="int">
	 	select count(*)
	 	from tbl_cart
	 	where user_id = #{userId}
	 	and product_id = #{productId}	
	 </select>
	
	<!-- 장바구니 동일한 상품이 존재하면 수정  -->
	<update id="updateCart">
		update tbl_cart
		set amount = #{amount}
		where user_id = #{userId}
		and product_id = #{productId}
	</update>
	
</mapper>













