<?xml version="1.0" encoding="UTF-8"?>
<!DOCTYPE mapper
PUBLIC "-//mybatis.org//DTD Mapper 3.0//EN"
"http://mybatis.org/dtd/mybatis-3-mapper.dtd">

<mapper namespace="edu.spring.ex10.CartMapper">
<!-- namespace : dao 클래스의 sqlSession과 연결하기 위한 키로 사용  
 -> mapper 를 쿼리라고 생각! -> 여기다가 쿼리를 짠다
-->


 	 <insert id="insert">
	 	insert into ${tbl_cart} (${cartId}, ${userId}, ${productId}, ${amount})	 	
	 	values (seq_cart.NEXTVAL, #{boardTitle}, #{boardContent}, #{memberId})
	 </insert> 
	 
	 <select id="listCart" resultType="CartVO">
	 	select
	 		c.cart_id as cartId,
	 		c.user_id as userId,
	 		p.product_id as productId,
	 		m.user_name as userName,
	 		p.product_name as productName,
	 		c.amount,
	 		p.product_price as productPrice,
	 		(product_price * amount) money 
	 	from
	 		tbl_member m, tbl_product p, tbl_cart c
	 	where m.user_id = c.user_id
	 		AND p.product_id = c.product_id
	 		AND c.user_id = #{userId}
	 	order by c.cart_id
	 </select>
	 
	 <select id="sumMoney" resultType="int">
	 	select NVL(SUM(product_price * amount), 0) money
	 	from tbl_cart c, tbl_product p 
		where c.product_id = p.product_id AND c.user_id = #{userId}	 	
	 </select>
	 
	 <!-- 장바구니 수정  -->
	 <update id="update">
	 	update ${tbl_cart}
	 	set amount = #{amount}
	 	where user_id = #{userId}
	 	AND product_id = #{productId}
	 </update>
	 
	<delete id="delete">
		delete from tbl_cart
		where cart_id = #{productId}
	</delete>
	
	<select id="countCart" resultType="int">
		select count(*)
		from tbl_cart
		where user_id = #{userId}
		and product_id = #{productId}
	</select>
	
	<!-- 장바구니에 동일한 상품이 존재하면 수정  -->
	<update id="updateCart">
		update tbl_cart
		set amount = amount + #{amount}
		where user_id = #{userId}
		and product_id = #{productId}
	</update>
	 
	 <!-- 
	 <update id="update">
	 	update ${test_board}
	 	set ${boardTitle} = #{boardTitle}, ${boardContent} = #{boardContent}
	 	where ${boardId} = #{boardId}
	 </update>
	
	<delete id="delete">
		delete from ${test_board}
		where ${boardId} = #{boardId}
	</delete>
	
	<select id="paging" resultType="BoardVO">
	 select b.${boardId}, b.${boardTitle}, b.${boardContent}, b.${memberId}, b.${boardDateCreated}, b.${replyCnt} from (
          select rownum rn, a.* from (
             select * from ${test_board} order by ${boardId} desc
          )a
       )b where rn between #{start} and #{end}
       # 안에는 메소드 이름이 들어가야 한다 
	</select>
	
	
	#{start} : criteria.getStart()
	#{end} : criteria.getEnd()
	 
	  
	  <select id="total_count" resultType="Integer">
	  	select count(*) total_cnt from ${test_board}
	  </select>
	
	resultType에는 참조타입이 들어간다! int 면 Integer 로 작성한다
	 
	  
	  <select id="select_by_memberid" resultType="BoardVO">
	  	select * from ${test_board}
	  	where ${memberId} like #{memberId}
	  </select>
	  
	  <select id="select_by_title_content" resultType="BoardVO">
	  	select * from ${test_board}
	  	where ${boardTitle} like #{keyword} or
	  		${boardContent} like #{keyword}
	  		order by ${boardId} desc
	  </select>
	  
	  <update id="update_reply_cnt">
	  	update ${test_board}
	  	set ${replyCnt} = ${replyCnt} + #{amount} 
	  	where ${boardId} = #{boardId}	  	
	  </update> -->
	  
	  <!-- 댓글의 갯수가  + 가 될지 - 가 되는 경우에 대응 할 수 있게 #{amount} 이걸 사용 한다! -->
		
</mapper>













