<?xml version="1.0" encoding="UTF-8"?>
<!DOCTYPE mapper
PUBLIC "-//mybatis.org//DTD Mapper 3.0//EN"
"http://mybatis.org/dtd/mybatis-3-mapper.dtd">

<mapper namespace="edu.spring.ex10.ProductMapper">
<!-- namespace : dao 클래스의 sqlSession과 연결하기 위한 키로 사용  
 -> mapper 를 쿼리라고 생각! -> 여기다가 쿼리를 짠다
-->

	<!--
	mapper 태그
	<insert>, <select>, <update>, <delete>
	dao- sqlSession의 함수(insert, selectOne, selectList, update, delete)와
	메핑되어 쿼리를 수행
	  -->
	<!--
	insert into test_board (board_title, board_content, member_id)
	values(?, ?, ?);
	
	  -->
	  
	 <!-- id: dao 클래스의 sqlSession 특정 함수와 연결하기 위해 사용  -->
	 
	 <!--
	 ${key 이름}	: mybatis-config.xml의 property - name과 매칭, DB테이블의 컬럼
	 ${key 이름} : dao.클래스의 sqlSession에서 전송받은 데이터(입력되는 데이터)
	   --> 
<!-- 	 <insert id="insert"> 여러개의 insert 있을 시구분하기 위해 id 필요 
	 	insert into ${test_board} (${boardTitle}, ${boardContent}, ${memberId})
	 	mybatis config의 name과 동일하게 
	 	values (#{boardTitle}, #{boardContent}, #{memberId})
	 </insert> -->
	 
	 <select id="listProduct" resultType="ProductVO">
	 	select * from ${tbl_product}
	 	order by ${productName}
	 </select>
	 
	 <select id="detailProduct" resultType="ProductVO">
	 	select * from ${tbl_product} where ${productId} = #{productId}	 	
	 </select>
	 <!-- 
	 <update id="update">
	 	update ${test_board}
	 	set ${boardTitle} = #{boardTitle}, ${boardContent} = #{boardContent}
	 	where ${boardId} = #{boardId}
	 </update>
	
	<delete id="delete">
		delete from ${test_board}
		where ${boardId} = #{boardId}
	</delete>
	
	<select id="paging" resultType="BoardVO">
	 select b.${boardId}, b.${boardTitle}, b.${boardContent}, b.${memberId}, b.${boardDateCreated}, b.${replyCnt} from (
          select rownum rn, a.* from (
             select * from ${test_board} order by ${boardId} desc
          )a
       )b where rn between #{start} and #{end}
       # 안에는 메소드 이름이 들어가야 한다 
	</select>
	
	
	#{start} : criteria.getStart()
	#{end} : criteria.getEnd()
	 
	  
	  <select id="total_count" resultType="Integer">
	  	select count(*) total_cnt from ${test_board}
	  </select>
	
	resultType에는 참조타입이 들어간다! int 면 Integer 로 작성한다
	 
	  
	  <select id="select_by_memberid" resultType="BoardVO">
	  	select * from ${test_board}
	  	where ${memberId} like #{memberId}
	  </select>
	  
	  <select id="select_by_title_content" resultType="BoardVO">
	  	select * from ${test_board}
	  	where ${boardTitle} like #{keyword} or
	  		${boardContent} like #{keyword}
	  		order by ${boardId} desc
	  </select>
	  
	  <update id="update_reply_cnt">
	  	update ${test_board}
	  	set ${replyCnt} = ${replyCnt} + #{amount} 
	  	where ${boardId} = #{boardId}	  	
	  </update> -->
	  
	  <!-- 댓글의 갯수가  + 가 될지 - 가 되는 경우에 대응 할 수 있게 #{amount} 이걸 사용 한다! -->
		
</mapper>













